Model,Accuracy,Precision,Recall,F1 Score
Support Vector Machine,0.9892834293026231,0.9902149722035191,0.9903145768522272,0.9902613662569456
Gradient Boosting,0.9883237364043506,0.9905332852526497,0.9899311933860595,0.9902227587579902
Random Forest,0.9876839411388356,0.9888356954472352,0.9888144097015997,0.9888216027966304
K-Nearest Neighbors,0.9872040946896993,0.9870265743218039,0.9881866203469162,0.9875926679656912
XGBoost,0.9870441458733206,0.9893113636532938,0.9883598612698075,0.9888279977930436
Logistic Regression,0.9859245041586693,0.9889408631035593,0.9887202464261808,0.9888267333734035
Decision Tree,0.9788867562380038,0.979420546418136,0.9797832478500978,0.9795632192083097
