Model,Accuracy,Precision,Recall,F1 Score
Logistic Regression,0.9753678822776711,0.9761380638163575,0.9753678822776711,0.9752724402197215
Decision Tree,0.9828854766474728,0.9829232778065516,0.9828854766474728,0.9828936624260065
Random Forest,0.9843250159948816,0.9843497884401153,0.9843250159948816,0.9843308471892768
K-Nearest Neighbors,0.9851247600767754,0.9851620430781135,0.9851247600767754,0.9851322644705539
Support Vector Machine,0.9870441458733206,0.987174582897828,0.9870441458733206,0.9870788071098662
XGBoost,0.9806461932181701,0.9807125342150254,0.9806461932181701,0.9806598495506814
